<?xml version="1.0" encoding="UTF-8"?>
<project-private xmlns="http://www.netbeans.org/ns/project-private/1">
    <editor-bookmarks xmlns="http://www.netbeans.org/ns/editor-bookmarks/2" lastBookmarkId="0"/>
    <open-files xmlns="http://www.netbeans.org/ns/projectui-open-files/2">
        <group>
            <file>file:/C:/Users/sgthu/OneDrive/Máy%20tính/TranQuangPhong_70DCHT21117/JavaOOP/src/javaoop/XeMay.java</file>
            <file>file:/C:/Users/sgthu/OneDrive/Máy%20tính/TranQuangPhong_70DCHT21117/JavaOOP/src/javaoop/HinhChuNhat.java</file>
            <file>file:/C:/Users/sgthu/OneDrive/Máy%20tính/TranQuangPhong_70DCHT21117/JavaOOP/src/javaoop/JavaOOP.java</file>
            <file>file:/C:/Users/sgthu/OneDrive/Máy%20tính/TranQuangPhong_70DCHT21117/JavaOOP/src/javaoop/SinhVien.java</file>
        </group>
    </open-files>
</project-private>
